user_id,nombre,precio,cantidad,direccion,categoria,imagen
kmatlock0,Snails - Large Canned,96.41,10,43 Pond Pass,Huel LLC,http://dummyimage.com/159x238.png/cc0000/ffffff
kmatlock0,Wine - Mondavi Coastal Private,20.55,9,4327 Sherman Avenue,Haley LLC,http://dummyimage.com/119x228.png/5fa2dd/ffffff
kmatlock0,Appetizer - Spring Roll  Veg,66.4,10,9114 Eastlawn Lane,Johnson and Sons,http://dummyimage.com/136x176.png/ff4444/ffffff
kmatlock0,Sugar - Splenda Sweetener,6.43,15,822 Corry Way,Batz Inc,http://dummyimage.com/242x232.png/5fa2dd/ffffff
kmatlock0,Milk - Condensed,26.37,11,13 Holy Cross Crossing,Ernser-Anderson,http://dummyimage.com/248x225.png/cc0000/ffffff
lraynes1,Alize Red Passion,91.05,3,23265 American Ash Lane,Jacobson  Beier and Schneider,http://dummyimage.com/188x223.png/cc0000/ffffff
lraynes1,Bok Choy - Baby,91.91,1,48272 Texas Hill,Halvorson  Conroy and Wolf,http://dummyimage.com/150x180.png/ff4444/ffffff
lraynes1,Chicken - Thigh  Bone In,60.19,13,7769 Mendota Alley,Fritsch  Collins and Nader,http://dummyimage.com/105x151.png/cc0000/ffffff
lraynes1,Wine - Red  Pinot Noir  Chateau,9.28,14,40051 Gerald Hill,Moen-Kub,http://dummyimage.com/155x187.png/dddddd/000000
lraynes1,Crush - Grape  355 Ml,78.36,5,8890 Jay Drive,Hoeger and Sons,http://dummyimage.com/245x225.png/dddddd/000000
gpudner2,Crush - Orange  355ml,7.94,1,4404 Moose Terrace,Breitenberg-Rippin,http://dummyimage.com/152x104.png/cc0000/ffffff
gpudner2,Stock - Chicken  White,89,2,60 Kim Street,Heaney  Labadie and Runte,http://dummyimage.com/174x140.png/5fa2dd/ffffff
gpudner2,Pickerel - Fillets,47.04,14,51749 Gerald Lane,Heller LLC,http://dummyimage.com/104x171.png/ff4444/ffffff
gpudner2,Lemonade - Strawberry  591 Ml,20.49,2,02 Bashford Terrace,Gottlieb  Robel and Dibbert,http://dummyimage.com/100x190.png/cc0000/ffffff
gpudner2,Sausage - Blood Pudding,75.02,10,5 Pankratz Park,Dooley  Glover and Kris,http://dummyimage.com/213x130.png/5fa2dd/ffffff
demptage3,Honey - Comb,80.35,9,84578 Quincy Parkway,Collier-Reichel,http://dummyimage.com/143x105.png/cc0000/ffffff
demptage3,Ice Cream Bar - Hageen Daz To,93.62,1,8 Waxwing Trail,Bogisich  Nicolas and McGlynn,http://dummyimage.com/139x168.png/5fa2dd/ffffff
demptage3,Straw - Regular,48.29,5,79219 Hanson Place,Dickens-Mraz,http://dummyimage.com/154x140.png/5fa2dd/ffffff
demptage3,Laundry - Bag Cloth,18.56,14,19202 Ronald Regan Street,Dickinson-Kozey,http://dummyimage.com/159x187.png/5fa2dd/ffffff
demptage3,Tortillas - Flour  12,22.06,7,04313 Melody Court,Reichel-Reilly,http://dummyimage.com/117x101.png/5fa2dd/ffffff
kshireff4,Icecream - Dibs,33.58,10,425 Roth Court,Rolfson  Bogisich and Powlowski,http://dummyimage.com/137x127.png/dddddd/000000
kshireff4,Sausage - Breakfast,98.81,9,79 Thackeray Road,Dooley-Hoeger,http://dummyimage.com/139x143.png/cc0000/ffffff
kshireff4,Pastry - Carrot Muffin - Mini,76.86,12,29 Moulton Court,Rosenbaum Inc,http://dummyimage.com/108x176.png/dddddd/000000
kshireff4,Shrimp - Tiger 21/25,1.69,10,0 Nobel Circle,Paucek  Daugherty and Marquardt,http://dummyimage.com/109x133.png/5fa2dd/ffffff
kshireff4,Lid Tray - 12in Dome,76.63,2,415 Schiller Lane,Lynch-Berge,http://dummyimage.com/136x117.png/cc0000/ffffff
lcapstaff5,Galliano,75.91,6,406 Fordem Street,Schuppe-Champlin,http://dummyimage.com/135x220.png/ff4444/ffffff
lcapstaff5,Puree - Mango,98.18,14,8 Mariners Cove Center,Swift-Wolf,http://dummyimage.com/119x103.png/cc0000/ffffff
lcapstaff5,Water - Spring 1.5lit,88.5,15,6 Stephen Road,Larkin Inc,http://dummyimage.com/170x209.png/dddddd/000000
lcapstaff5,Spice - Onion Powder Granulated,34.24,9,6302 Ludington Center,Harris-Lowe,http://dummyimage.com/212x203.png/cc0000/ffffff
lcapstaff5,Cheese - Blue,73.63,7,413 Menomonie Street,Ferry Inc,http://dummyimage.com/176x214.png/cc0000/ffffff
cbradden6,Soup Knorr Chili With Beans,52.4,10,429 Raven Trail,Hamill  Blick and Kunze,http://dummyimage.com/159x180.png/5fa2dd/ffffff
cbradden6,Beans - Fava Fresh,74.73,6,32743 Waubesa Hill,Towne and Sons,http://dummyimage.com/172x177.png/cc0000/ffffff
cbradden6,Port - 74 Brights,49.39,14,1 Bayside Crossing,Mitchell-Lehner,http://dummyimage.com/228x201.png/dddddd/000000
cbradden6,Sobe - Berry Energy,98.83,5,70 Kenwood Drive,Torphy-Volkman,http://dummyimage.com/241x199.png/ff4444/ffffff
cbradden6,Pork - Liver,64.15,7,02446 Union Place,Hauck-Hagenes,http://dummyimage.com/157x223.png/cc0000/ffffff
olevermore7,Table Cloth 54x54 White,52.81,1,25617 Prairieview Trail,Kuvalis-Mann,http://dummyimage.com/166x204.png/5fa2dd/ffffff
olevermore7,Coffee - Decaffeinato Coffee,22.72,14,869 Ilene Alley,Runolfsdottir  Johnson and Wisozk,http://dummyimage.com/140x161.png/ff4444/ffffff
olevermore7,Oil - Hazelnut,4.58,3,585 Messerschmidt Alley,Nienow  Schimmel and Hoppe,http://dummyimage.com/185x172.png/dddddd/000000
olevermore7,Ice Cream - Life Savers,5.42,9,6 Mandrake Circle,Kassulke  Spencer and Daniel,http://dummyimage.com/233x190.png/dddddd/000000
olevermore7,Carbonated Water - Orange,1.6,15,0010 Golf View Road,Hirthe-Beatty,http://dummyimage.com/112x197.png/dddddd/000000
usantorini8,Cake Circle  Foil  Scallop,7.46,4,30 Lien Court,Treutel LLC,http://dummyimage.com/116x184.png/ff4444/ffffff
usantorini8,Brocolinni - Gaylan  Chinese,4.45,9,21962 Kenwood Park,Turner-McClure,http://dummyimage.com/231x183.png/ff4444/ffffff
usantorini8,Longos - Grilled Veg Sandwiches,12.82,13,57364 Northwestern Avenue,Stehr and Sons,http://dummyimage.com/200x240.png/ff4444/ffffff
usantorini8,Curry Paste - Green Masala,34.91,12,68 Namekagon Court,Gleichner and Sons,http://dummyimage.com/131x242.png/5fa2dd/ffffff
usantorini8,Juice - Prune,87.54,6,2649 Armistice Road,Cruickshank-Klein,http://dummyimage.com/148x223.png/dddddd/000000
nhunsworth9,Shrimp - Black Tiger 13/15,23.1,5,12 Almo Point,Schulist and Sons,http://dummyimage.com/124x232.png/cc0000/ffffff
nhunsworth9,Pork - Bacon Cooked Slcd,58.32,4,6 Bellgrove Circle,Jaskolski  Carter and Sipes,http://dummyimage.com/209x229.png/cc0000/ffffff
nhunsworth9,Sobe - Lizard Fuel,48.07,9,16531 Loftsgordon Center,Wilderman  Baumbach and Medhurst,http://dummyimage.com/202x190.png/ff4444/ffffff
nhunsworth9,Tea - Honey Green Tea,45.72,8,24682 Eliot Street,Feil LLC,http://dummyimage.com/240x245.png/5fa2dd/ffffff
nhunsworth9,Bread Sour Rolls,3.02,7,656 Shelley Parkway,O'Connell  Okuneva and Murray,http://dummyimage.com/140x129.png/dddddd/000000
aheinricia,Vinegar - Cider,65.46,12,25 Orin Parkway,Zemlak-Russel,http://dummyimage.com/173x176.png/cc0000/ffffff
aheinricia,Creme De Banane - Marie,6.08,12,4562 Brown Junction,O'Keefe  Reichel and Kling,http://dummyimage.com/225x108.png/5fa2dd/ffffff
aheinricia,Soup - Knorr  Country Bean,11.41,13,7 Gateway Drive,Abernathy and Sons,http://dummyimage.com/204x104.png/cc0000/ffffff
aheinricia,Mahi Mahi,29.1,6,094 North Point,Carter-Wilderman,http://dummyimage.com/106x119.png/5fa2dd/ffffff
aheinricia,Bread - English Muffin,8.88,10,8070 Coleman Place,Christiansen-Lockman,http://dummyimage.com/236x200.png/cc0000/ffffff
nlarmettb,Soup - Verve - Chipotle Chicken,14.66,15,44 Messerschmidt Pass,Schowalter LLC,http://dummyimage.com/140x103.png/ff4444/ffffff
nlarmettb,Cheese - Provolone,96.03,10,730 Hoepker Plaza,Braun-Fritsch,http://dummyimage.com/186x239.png/dddddd/000000
nlarmettb,Boogies,45.52,4,0626 Basil Point,Block  Strosin and Parisian,http://dummyimage.com/142x211.png/dddddd/000000
nlarmettb,Plasticforkblack,60.14,8,9695 Sutherland Center,Oberbrunner-Turner,http://dummyimage.com/181x206.png/ff4444/ffffff
nlarmettb,Veal - Inside,5.13,11,84 Katie Point,Fay Group,http://dummyimage.com/155x232.png/ff4444/ffffff
tbleasdillec,Truffle Shells - White Chocolate,92.76,7,7370 Red Cloud Crossing,Kuvalis-Oberbrunner,http://dummyimage.com/185x233.png/dddddd/000000
tbleasdillec,Wine - Jackson Triggs Okonagan,58.04,13,327 Northview Terrace,Hammes  Waters and King,http://dummyimage.com/136x239.png/5fa2dd/ffffff
tbleasdillec,Tomatoes - Grape,19.61,5,8571 Kipling Park,Hamill  Langworth and Crooks,http://dummyimage.com/234x208.png/5fa2dd/ffffff
tbleasdillec,Beef - Tongue  Fresh,43.13,3,6272 Sunnyside Way,Johns  Armstrong and Mitchell,http://dummyimage.com/126x230.png/dddddd/000000
tbleasdillec,Radish,5.99,12,56000 Carioca Pass,Russel  Kutch and Jenkins,http://dummyimage.com/210x136.png/ff4444/ffffff
ggrovesd,Soup - Campbells - Tomato,86.09,8,455 Oxford Crossing,Beahan  Dooley and Johnston,http://dummyimage.com/150x231.png/5fa2dd/ffffff
ggrovesd,Venison - Denver Leg Boneless,35.52,2,9 Graceland Street,Heathcote-Herzog,http://dummyimage.com/139x192.png/5fa2dd/ffffff
ggrovesd,Tahini Paste,20.99,14,102 Buell Lane,Braun and Sons,http://dummyimage.com/159x112.png/cc0000/ffffff
ggrovesd,Aspic - Amber,70.72,5,7315 High Crossing Center,Mitchell-Rogahn,http://dummyimage.com/199x228.png/5fa2dd/ffffff
ggrovesd,Sambuca - Opal Nera,72.78,1,02393 Fairfield Drive,Reichert-Kilback,http://dummyimage.com/223x196.png/dddddd/000000
lliebermanne,Wine - Placido Pinot Grigo,75.12,6,907 Petterle Parkway,Moen LLC,http://dummyimage.com/105x139.png/dddddd/000000
lliebermanne,Zucchini - Mini  Green,18.95,15,935 Birchwood Center,Hirthe  Dicki and Lynch,http://dummyimage.com/130x185.png/dddddd/000000
lliebermanne,Plums - Red,69.06,11,54 Lake View Road,VonRueden  Little and Bradtke,http://dummyimage.com/101x230.png/dddddd/000000
lliebermanne,Lettuce - Arugula,2.38,11,9 Arrowood Alley,Heathcote Inc,http://dummyimage.com/238x249.png/ff4444/ffffff
lliebermanne,Sugar - White Packet,44.88,10,8 Northport Crossing,Mills Inc,http://dummyimage.com/120x138.png/dddddd/000000
mchoudhuryf,Chocolate Bar - Reese Pieces,15.27,1,11 North Lane,Brekke-Hermiston,http://dummyimage.com/159x222.png/cc0000/ffffff
mchoudhuryf,Wine - Charddonnay Errazuriz,75.81,11,6682 Esker Park,Hodkiewicz LLC,http://dummyimage.com/163x182.png/cc0000/ffffff
mchoudhuryf,Spice - Onion Powder Granulated,42.1,11,49 Briar Crest Way,Rath and Sons,http://dummyimage.com/224x235.png/5fa2dd/ffffff
mchoudhuryf,Dried Peach,72.87,10,498 Pankratz Park,Gottlieb LLC,http://dummyimage.com/104x103.png/cc0000/ffffff
mchoudhuryf,Chicken - Tenderloin,74.92,15,281 Logan Drive,Hirthe Group,http://dummyimage.com/111x129.png/cc0000/ffffff
rbotleyg,Praline Paste,45.43,8,67 Goodland Parkway,Vandervort  Senger and Kemmer,http://dummyimage.com/170x190.png/5fa2dd/ffffff
rbotleyg,Pan Grease,56.5,15,438 Killdeer Crossing,Upton  Crist and Collins,http://dummyimage.com/188x162.png/ff4444/ffffff
rbotleyg,Trueblue - Blueberry Cranberry,97.6,9,316 Buena Vista Place,Effertz  White and Spencer,http://dummyimage.com/163x141.png/dddddd/000000
rbotleyg,Juice - Lime,32.82,1,14935 Hintze Road,Kemmer-McDermott,http://dummyimage.com/196x121.png/dddddd/000000
rbotleyg,Sauce - Soya  Dark,72.02,8,21 Chive Hill,Gislason-Swift,http://dummyimage.com/233x198.png/cc0000/ffffff
abeavonh,Longos - Grilled Veg Sandwiches,81.78,2,838 Ryan Place,Ortiz  Price and Barton,http://dummyimage.com/208x215.png/ff4444/ffffff
abeavonh,Rum - Cream  Amarula,77.92,8,30 Truax Street,Swift  Hauck and Corwin,http://dummyimage.com/124x135.png/cc0000/ffffff
abeavonh,Wine - Casablanca Valley,6.66,11,3 La Follette Drive,Douglas  Schneider and Haag,http://dummyimage.com/120x148.png/5fa2dd/ffffff
abeavonh,Coriander - Seed,41.31,15,8979 Superior Crossing,Kemmer Group,http://dummyimage.com/228x166.png/dddddd/000000
abeavonh,Instant Coffee,5.63,14,23 Maple Wood Place,Casper LLC,http://dummyimage.com/212x146.png/ff4444/ffffff
amacdermidi,Coffee - Colombian  Portioned,42.4,7,0 Sunnyside Avenue,Marquardt LLC,http://dummyimage.com/178x133.png/5fa2dd/ffffff
amacdermidi,Syrup - Monin - Passion Fruit,9.71,12,9 Armistice Trail,Dicki Inc,http://dummyimage.com/198x222.png/5fa2dd/ffffff
amacdermidi,Pie Shell - 9,97.25,12,2256 Toban Place,Ziemann-Jakubowski,http://dummyimage.com/148x141.png/5fa2dd/ffffff
amacdermidi,Appetizer - Mini Egg Roll  Shrimp,75.42,14,362 Tomscot Hill,Gaylord-Gislason,http://dummyimage.com/221x179.png/dddddd/000000
amacdermidi,Cheese - Perron Cheddar,85.58,7,203 American Lane,Greenfelder-Morar,http://dummyimage.com/141x234.png/5fa2dd/ffffff
genriquej,Pasta - Gnocchi  Potato,3.3,9,7 Iowa Center,Labadie-Halvorson,http://dummyimage.com/144x199.png/cc0000/ffffff
genriquej,Flour - Corn  Fine,59.38,8,76 Magdeline Way,Brekke Inc,http://dummyimage.com/228x112.png/5fa2dd/ffffff
genriquej,Mousse - Mango,4.18,1,03305 Marcy Parkway,Stanton  Nienow and Larkin,http://dummyimage.com/104x188.png/5fa2dd/ffffff
genriquej,Mushroom - Chantrelle  Fresh,73.01,14,218 Jana Road,Hoeger  Auer and Dicki,http://dummyimage.com/144x211.png/5fa2dd/ffffff
genriquej,Cocoa Powder - Dutched,46.76,12,534 Browning Terrace,Blick  Spencer and O'Keefe,http://dummyimage.com/245x210.png/cc0000/ffffff
uairdk,Wine - Shiraz Wolf Blass Premium,51.9,15,9055 Bluejay Terrace,Will-Erdman,http://dummyimage.com/129x157.png/dddddd/000000
uairdk,Lighter - Bbq,11.81,3,3793 Elmside Parkway,Schamberger and Sons,http://dummyimage.com/171x217.png/cc0000/ffffff
uairdk,Persimmons,21.35,12,7019 Pearson Alley,Pouros  Deckow and Fay,http://dummyimage.com/138x160.png/5fa2dd/ffffff
uairdk,Bread - Malt,66.02,1,988 Katie Lane,O'Reilly  Champlin and Marvin,http://dummyimage.com/180x146.png/5fa2dd/ffffff
uairdk,Scotch - Queen Anne,14.71,11,08856 Utah Park,Barton-Marvin,http://dummyimage.com/241x228.png/dddddd/000000
sgiacopellol,Bacardi Limon,92.95,2,91 Hermina Place,Ernser  Stokes and Satterfield,http://dummyimage.com/138x219.png/cc0000/ffffff
sgiacopellol,Cactus Pads,82.61,1,9067 Packers Way,Turner-Greenholt,http://dummyimage.com/102x185.png/cc0000/ffffff
sgiacopellol,Skewers - Bamboo,83.61,15,8 Gulseth Point,Labadie and Sons,http://dummyimage.com/156x160.png/ff4444/ffffff
sgiacopellol,Filo Dough,32.08,4,51716 Donald Terrace,Wilderman  Klocko and Koelpin,http://dummyimage.com/138x121.png/5fa2dd/ffffff
sgiacopellol,Pasta - Fettuccine  Dry,38.32,9,8 Becker Way,Dibbert Group,http://dummyimage.com/185x185.png/cc0000/ffffff
bkondratenyam,Cherries - Maraschino jar,28.88,7,987 Kropf Center,Ortiz  Murray and Wisozk,http://dummyimage.com/124x235.png/ff4444/ffffff
bkondratenyam,Chervil - Fresh,3.86,2,4764 Hanover Road,Marvin-Gleason,http://dummyimage.com/135x150.png/cc0000/ffffff
bkondratenyam,Salmon - Sockeye Raw,14.06,6,2 Dryden Trail,Hermiston  Schinner and Corwin,http://dummyimage.com/205x226.png/cc0000/ffffff
bkondratenyam,Wine - Guy Sage Touraine,81.44,12,15 Westport Point,Schuster LLC,http://dummyimage.com/123x213.png/5fa2dd/ffffff
bkondratenyam,Filling - Mince Meat,79.18,5,32 Trailsway Court,Cole  Stark and Steuber,http://dummyimage.com/122x119.png/5fa2dd/ffffff
bharleyn,Pop - Club Soda Can,5.54,13,20968 Garrison Place,Windler-Keeling,http://dummyimage.com/159x129.png/ff4444/ffffff
bharleyn,Muffin - Banana Nut Individual,94.66,12,0 Hanson Lane,Parisian LLC,http://dummyimage.com/235x204.png/dddddd/000000
bharleyn,Turkey - Breast  Boneless Sk On,71.66,7,89877 Burrows Road,Blick-Kirlin,http://dummyimage.com/188x190.png/dddddd/000000
bharleyn,Wine - Fontanafredda Barolo,27.58,6,06114 Hanson Plaza,Hayes-Bechtelar,http://dummyimage.com/190x232.png/ff4444/ffffff
bharleyn,Cucumber - English,61.25,5,6243 Colorado Road,McKenzie  Ziemann and Bednar,http://dummyimage.com/142x170.png/ff4444/ffffff
hattoeo,Juice - V8 Splash,10.19,10,86885 Pankratz Center,Cummerata-Will,http://dummyimage.com/117x209.png/5fa2dd/ffffff
hattoeo,Squid - U - 10 Thailand,41.23,12,681 Continental Lane,Ritchie Group,http://dummyimage.com/211x241.png/5fa2dd/ffffff
hattoeo,Rice - Basmati,58.84,14,6292 Gateway Junction,Roob-Pollich,http://dummyimage.com/205x114.png/cc0000/ffffff
hattoeo,Soup - Tomato Mush. Florentine,84.09,5,866 Quincy Way,Goldner  Jacobson and Grady,http://dummyimage.com/138x234.png/5fa2dd/ffffff
hattoeo,Foam Dinner Plate,18.81,3,57 Bartillon Way,Dibbert LLC,http://dummyimage.com/145x164.png/cc0000/ffffff
grantoulp,Cheese - Romano  Grated,58.79,7,76182 Northview Junction,Pouros-McCullough,http://dummyimage.com/147x152.png/cc0000/ffffff
grantoulp,Beef - Top Butt Aaa,40.06,9,541 Del Mar Lane,Schulist  Rohan and Hyatt,http://dummyimage.com/152x101.png/dddddd/000000
grantoulp,Cheese - Gouda Smoked,14.85,14,44 Barnett Junction,Senger and Sons,http://dummyimage.com/184x113.png/5fa2dd/ffffff
grantoulp,Yukon Jack,51.85,8,34 Amoth Park,Gibson  Considine and Mosciski,http://dummyimage.com/192x139.png/5fa2dd/ffffff
grantoulp,Muffin - Bran Ind Wrpd,19.78,2,311 Stone Corner Trail,Feil Group,http://dummyimage.com/191x144.png/ff4444/ffffff
rsongustq,Smoked Paprika,76.96,15,640 Shopko Court,Braun-VonRueden,http://dummyimage.com/114x171.png/ff4444/ffffff
rsongustq,Trueblue - Blueberry Cranberry,80.52,3,8233 Petterle Pass,Gerlach LLC,http://dummyimage.com/146x194.png/ff4444/ffffff
rsongustq,Flour - Chickpea,34.13,8,2032 Green Ridge Point,Purdy-Jakubowski,http://dummyimage.com/174x212.png/cc0000/ffffff
rsongustq,Pork - Back  Short Cut  Boneless,19.74,14,4 New Castle Circle,Auer LLC,http://dummyimage.com/244x228.png/ff4444/ffffff
rsongustq,Marjoram - Fresh,27.65,4,09 Vidon Plaza,Goyette-Conroy,http://dummyimage.com/176x211.png/cc0000/ffffff
aoloshkinr,Appetizer - Asian Shrimp Roll,85.9,4,9632 South Plaza,Ryan Inc,http://dummyimage.com/105x127.png/5fa2dd/ffffff
aoloshkinr,Glass - Juice Clear 5oz 55005,87.77,12,6226 Melby Circle,Weber-Lockman,http://dummyimage.com/139x165.png/ff4444/ffffff
aoloshkinr,Muffin Carrot - Individual,44.6,4,942 Rowland Street,Cummerata  Boyer and Mills,http://dummyimage.com/113x130.png/ff4444/ffffff
aoloshkinr,Fond - Neutral,63.06,5,71 Amoth Junction,Marquardt Group,http://dummyimage.com/247x220.png/dddddd/000000
aoloshkinr,Bacardi Raspberry,91.39,11,0 Coleman Way,Stark-Boyle,http://dummyimage.com/244x101.png/cc0000/ffffff
abims,Pasta - Rotini  Colour  Dry,67.43,12,60 Everett Alley,Parisian  Windler and Morissette,http://dummyimage.com/246x249.png/cc0000/ffffff
abims,Crackers - Trio,44.66,6,27449 Monica Crossing,Wuckert  Gottlieb and Nicolas,http://dummyimage.com/126x102.png/5fa2dd/ffffff
abims,Ecolab - Power Fusion,8.15,4,0 Park Meadow Center,Wuckert  Bogisich and Hermiston,http://dummyimage.com/218x201.png/dddddd/000000
abims,Pickle - Dill,43.5,12,72 6th Crossing,Kohler-Pouros,http://dummyimage.com/196x137.png/5fa2dd/ffffff
abims,Beans - Butter Lrg Lima,86.46,7,42 Bonner Parkway,Gislason-Waters,http://dummyimage.com/116x196.png/dddddd/000000
krubbenst,Flour - Whole Wheat,38.14,2,08305 Vernon Plaza,Orn-Murazik,http://dummyimage.com/212x169.png/ff4444/ffffff
krubbenst,Beef - Tenderloin - Aa,65.06,9,28 Dovetail Trail,Schultz  Haag and Ortiz,http://dummyimage.com/136x221.png/cc0000/ffffff
krubbenst,Oil - Pumpkinseed,92.39,8,13780 Shopko Avenue,Thiel  Spinka and Kuphal,http://dummyimage.com/120x230.png/ff4444/ffffff
krubbenst,Chickensplit Half,30.74,11,9 Westport Junction,Marvin Group,http://dummyimage.com/100x230.png/dddddd/000000
krubbenst,Veal - Brisket  Provimi bnls,85.16,11,2 Sycamore Road,Daniel Group,http://dummyimage.com/203x177.png/ff4444/ffffff
zgladyeru,Nantucket Apple Juice,33.24,5,297 Green Ridge Lane,Hayes and Sons,http://dummyimage.com/172x128.png/ff4444/ffffff
zgladyeru,Table Cloth 62x120 White,55.09,15,52 Hermina Hill,Beier LLC,http://dummyimage.com/151x213.png/cc0000/ffffff
zgladyeru,Pineapple - Regular,11.19,7,5 Beilfuss Alley,McDermott LLC,http://dummyimage.com/230x206.png/cc0000/ffffff
zgladyeru,Water - Spring 1.5lit,38.95,8,998 Scofield Terrace,Hills Inc,http://dummyimage.com/247x174.png/5fa2dd/ffffff
zgladyeru,Mudslide,10.67,15,051 Fulton Park,Veum-Schneider,http://dummyimage.com/178x141.png/5fa2dd/ffffff
rsorriew,Nestea - Ice Tea  Diet,92.29,10,7388 Holmberg Crossing,Ankunding-Moen,http://dummyimage.com/210x130.png/cc0000/ffffff
rsorriew,Bread - Sour Batard,64.53,5,814 Ilene Plaza,Wiegand  Koss and Feest,http://dummyimage.com/244x170.png/dddddd/000000
rsorriew,Wine - Magnotta - Cab Sauv,75.69,9,67731 Ridge Oak Hill,Wilkinson  Ortiz and Bergnaum,http://dummyimage.com/198x144.png/ff4444/ffffff
rsorriew,Godiva White Chocolate,81.94,11,3674 Riverside Point,Green and Sons,http://dummyimage.com/170x193.png/cc0000/ffffff
rsorriew,Orange Roughy 6/8 Oz,48.02,15,9 Mandrake Trail,Koelpin Inc,http://dummyimage.com/139x193.png/dddddd/000000
dmountx,Bag Stand,5.28,9,80 John Wall Way,Keebler-Pagac,http://dummyimage.com/216x162.png/ff4444/ffffff
dmountx,Eggplant Italian,22.11,7,7283 Sugar Alley,Hilll-Hammes,http://dummyimage.com/155x192.png/ff4444/ffffff
dmountx,Capon - Breast  Wing On,31.1,2,4 Florence Trail,Effertz  Wilderman and Sauer,http://dummyimage.com/150x128.png/5fa2dd/ffffff
dmountx,Alize Gold Passion,5.47,10,95 Crescent Oaks Terrace,Hessel-Feeney,http://dummyimage.com/169x243.png/5fa2dd/ffffff
dmountx,Tea - Decaf Lipton,8.82,2,66 Thierer Street,Hauck  Lynch and Runte,http://dummyimage.com/107x100.png/dddddd/000000
gbossomy,Truffle Cups Green,77.82,7,3552 Nova Hill,Hagenes  Willms and Quitzon,http://dummyimage.com/223x142.png/dddddd/000000
gbossomy,Wine - Ruffino Chianti Classico,22.03,12,62 Heffernan Place,Price  Thiel and Lowe,http://dummyimage.com/236x100.png/cc0000/ffffff
gbossomy,Devonshire Cream,70.48,14,0 Texas Avenue,Tillman LLC,http://dummyimage.com/158x100.png/ff4444/ffffff
gbossomy,Amarula Cream,77.09,6,2 8th Park,Hilll and Sons,http://dummyimage.com/123x170.png/5fa2dd/ffffff
gbossomy,Wine - Red  Mouton Cadet,74.21,3,56 Tennessee Plaza,Runolfsson and Sons,http://dummyimage.com/121x184.png/cc0000/ffffff
fcullingfordz,Lobster - Base,72.63,8,49737 Emmet Center,Wuckert-Langworth,http://dummyimage.com/236x235.png/cc0000/ffffff
fcullingfordz,Cheese - Brie Roitelet,69.79,1,6461 Lukken Avenue,Shields  Emmerich and Mertz,http://dummyimage.com/162x175.png/ff4444/ffffff
fcullingfordz,Coke - Diet  355 Ml,19.51,8,4268 Lakeland Pass,Dietrich-Hudson,http://dummyimage.com/248x168.png/dddddd/000000
fcullingfordz,French Kiss Vanilla,44.98,7,5 Lindbergh Crossing,Schimmel  Armstrong and Lockman,http://dummyimage.com/242x139.png/cc0000/ffffff
fcullingfordz,Lettuce - Romaine,30.63,11,1316 Sugar Hill,McLaughlin  Nader and Tillman,http://dummyimage.com/209x218.png/dddddd/000000
fmcquorkel10,Appetizer - Shrimp Puff,42.6,3,0 Rowland Avenue,O'Kon-Schmidt,http://dummyimage.com/152x101.png/cc0000/ffffff
fmcquorkel10,Chick Peas - Canned,44.89,9,386 Veith Place,Hand  Koelpin and Beier,http://dummyimage.com/127x188.png/5fa2dd/ffffff
fmcquorkel10,Melon - Cantaloupe,5.84,9,0006 Banding Drive,Rohan  Dickinson and Labadie,http://dummyimage.com/111x164.png/ff4444/ffffff
fmcquorkel10,Bread - Pita,28.88,13,50 Londonderry Hill,Roberts  Rogahn and Parisian,http://dummyimage.com/141x215.png/cc0000/ffffff
fmcquorkel10,Amaretto,37.35,3,194 Bashford Street,Hilll-Powlowski,http://dummyimage.com/234x227.png/cc0000/ffffff
vdutch11,Salad Dressing,18.21,12,52 Mesta Street,Fadel and Sons,http://dummyimage.com/188x129.png/cc0000/ffffff
vdutch11,Beef - Bresaola,31.88,1,34780 Goodland Parkway,Howell-Reichert,http://dummyimage.com/139x222.png/5fa2dd/ffffff
vdutch11,Cookies - Assorted,69.47,8,3707 Maple Wood Street,Shields and Sons,http://dummyimage.com/226x194.png/ff4444/ffffff
vdutch11,Cloves - Whole,27.06,2,302 Warner Way,Reichel-Schneider,http://dummyimage.com/105x192.png/ff4444/ffffff
vdutch11,Pastry - Carrot Muffin - Mini,84.8,12,4 Forster Circle,Fadel-Turner,http://dummyimage.com/167x220.png/cc0000/ffffff
cthurston12,Veal - Insides Provini,26.64,14,155 Russell Street,Wiza-Bayer,http://dummyimage.com/125x142.png/dddddd/000000
cthurston12,Oranges,45.29,13,4 Union Crossing,Kuhic  Bergstrom and Kuhlman,http://dummyimage.com/165x168.png/cc0000/ffffff
cthurston12,Cheese - Montery Jack,86.67,10,6144 Hanson Plaza,Sanford-Kuhic,http://dummyimage.com/147x102.png/5fa2dd/ffffff
cthurston12,Gloves - Goldtouch Disposable,97.17,8,99 Shasta Circle,Schiller  Runolfsson and Russel,http://dummyimage.com/173x144.png/dddddd/000000
cthurston12,Pheasants - Whole,85.07,11,980 Vernon Place,D'Amore-Tillman,http://dummyimage.com/146x238.png/dddddd/000000
cchater13,Shrimp  Dried  Small / Lb,59.13,3,70 Barnett Center,Wuckert Inc,http://dummyimage.com/157x233.png/dddddd/000000
cchater13,Sprouts - Pea,92.16,10,99 Ronald Regan Junction,Trantow  Senger and Harber,http://dummyimage.com/246x107.png/dddddd/000000
cchater13,Quinoa,2.86,15,4264 Tony Parkway,Lehner  Gibson and Klein,http://dummyimage.com/106x149.png/ff4444/ffffff
cchater13,Sole - Fillet,20.8,9,8 Monica Drive,Connelly-Howe,http://dummyimage.com/198x121.png/ff4444/ffffff
cchater13,Lamb - Loin Chops,59.31,10,04953 Northridge Court,Jerde-Pfeffer,http://dummyimage.com/198x237.png/cc0000/ffffff
rkingcote14,Vaccum Bag - 14x20,14.89,8,8 Katie Junction,Gerhold-Boyer,http://dummyimage.com/180x185.png/5fa2dd/ffffff
rkingcote14,Wine - Rhine Riesling Wolf Blass,67.2,1,45563 Superior Junction,Bechtelar-Dooley,http://dummyimage.com/140x145.png/ff4444/ffffff
rkingcote14,Cherries - Frozen,66.56,10,63 Acker Lane,Greenholt  Pacocha and Shanahan,http://dummyimage.com/135x102.png/ff4444/ffffff
rkingcote14,Mangostein,28.42,3,007 Moland Parkway,Rodriguez LLC,http://dummyimage.com/233x193.png/dddddd/000000
rkingcote14,Pickerel - Fillets,65.86,10,8 Farwell Trail,Turner-Boyle,http://dummyimage.com/217x230.png/dddddd/000000
emacgee15,Foam Dinner Plate,42.07,4,5 Northfield Court,Kuhn LLC,http://dummyimage.com/164x117.png/ff4444/ffffff
emacgee15,Oil - Shortening - All - Purpose,56.53,5,6 Portage Way,Jenkins-Rempel,http://dummyimage.com/238x206.png/cc0000/ffffff
emacgee15,Wine - Peller Estates Late,18.16,7,28195 Lerdahl Place,Walsh LLC,http://dummyimage.com/226x144.png/ff4444/ffffff
emacgee15,Cod - Salted  Boneless,79.27,2,505 Golf Road,Lakin LLC,http://dummyimage.com/114x198.png/dddddd/000000
emacgee15,Salmon - Atlantic  Skin On,84.44,15,11203 Birchwood Trail,Connelly LLC,http://dummyimage.com/149x128.png/dddddd/000000
abeisley16,Tomatoes - Cherry,32.45,5,0 Rusk Alley,Maggio and Sons,http://dummyimage.com/224x138.png/ff4444/ffffff
abeisley16,Pasta - Penne  Rigate  Dry,86.43,1,3405 Magdeline Park,Rath LLC,http://dummyimage.com/187x247.png/cc0000/ffffff
abeisley16,Cookie Dough - Peanut Butter,94.03,15,66527 Larry Junction,Ankunding  Bernier and Casper,http://dummyimage.com/111x155.png/dddddd/000000
abeisley16,Peach - Fresh,93.61,5,8 International Point,Ferry-Stamm,http://dummyimage.com/244x142.png/cc0000/ffffff
abeisley16,Island Oasis - Pina Colada,91.19,5,87 Myrtle Trail,D'Amore Group,http://dummyimage.com/129x113.png/cc0000/ffffff
strelevan17,Beef - Rouladin  Sliced,28.53,10,1 Kim Plaza,Dicki  Hickle and Koepp,http://dummyimage.com/152x135.png/ff4444/ffffff
strelevan17,Cactus Pads,90.67,1,17390 Thompson Center,Rutherford  Balistreri and Shields,http://dummyimage.com/211x224.png/dddddd/000000
strelevan17,Water - San Pellegrino,76.71,9,6 Meadow Vale Way,Abshire and Sons,http://dummyimage.com/126x192.png/5fa2dd/ffffff
strelevan17,Lettuce - California Mix,52.43,11,711 Lien Way,Reichert-Von,http://dummyimage.com/227x205.png/dddddd/000000
strelevan17,Pasta - Gnocchi  Potato,9.75,15,8 Mayfield Junction,Conroy  Brekke and Deckow,http://dummyimage.com/218x247.png/dddddd/000000
rwasling18,Cinnamon - Stick,29.39,13,49069 Bartelt Alley,Glover Group,http://dummyimage.com/117x238.png/5fa2dd/ffffff
rwasling18,Shrimp - Baby  Warm Water,32.77,3,305 Meadow Ridge Street,Douglas  Bogisich and Hermiston,http://dummyimage.com/202x141.png/dddddd/000000
rwasling18,Cabbage - Nappa,53.66,2,7 Moulton Plaza,Schimmel-Ritchie,http://dummyimage.com/227x110.png/ff4444/ffffff
rwasling18,Muffin Mix - Blueberry,20.35,15,217 Dwight Court,Green  Ankunding and Fisher,http://dummyimage.com/161x172.png/ff4444/ffffff
rwasling18,Cornflakes,15.73,9,9903 Golden Leaf Place,Terry-Goyette,http://dummyimage.com/202x204.png/ff4444/ffffff
tburberry19,Cut Wakame - Hanawakaba,10.03,12,46 Everett Plaza,Quitzon and Sons,http://dummyimage.com/162x188.png/cc0000/ffffff
tburberry19,Ecolab - Power Fusion,9.97,13,6460 Marcy Street,Bartoletti-Mills,http://dummyimage.com/144x139.png/ff4444/ffffff
tburberry19,Wine - Magnotta - Belpaese,19.2,13,9024 Fairview Crossing,Monahan-Moen,http://dummyimage.com/126x185.png/ff4444/ffffff
tburberry19,Muffin Chocolate Individual Wrap,7.69,9,1 Buhler Point,Schimmel LLC,http://dummyimage.com/210x133.png/dddddd/000000
tburberry19,Tart Shells - Sweet  3,4.43,15,7 Menomonie Street,Farrell  Hoeger and Olson,http://dummyimage.com/169x154.png/cc0000/ffffff
afranceschielli1a,Cookie Trail Mix,52.27,13,308 Hoepker Junction,Brown-Abernathy,http://dummyimage.com/124x221.png/ff4444/ffffff
afranceschielli1a,Pepper - Black  Crushed,61.84,7,35728 Jenifer Parkway,Kihn  Abshire and Jacobi,http://dummyimage.com/111x235.png/5fa2dd/ffffff
afranceschielli1a,Food Colouring - Red,22.26,1,8943 Stang Junction,Gulgowski Group,http://dummyimage.com/230x116.png/cc0000/ffffff
afranceschielli1a,Pastry - French Mini Assorted,51.51,14,1207 Garrison Drive,Ritchie Group,http://dummyimage.com/154x229.png/ff4444/ffffff
afranceschielli1a,Tart Shells - Savory  2,63.36,8,01 Veith Way,Carroll Inc,http://dummyimage.com/150x170.png/dddddd/000000
lmacgiollapheadair1b,Paper Towel Touchless,31.48,10,3359 Dixon Center,Torp  Jones and Jacobson,http://dummyimage.com/157x161.png/cc0000/ffffff
lmacgiollapheadair1b,Soup - Campbells Pasta Fagioli,41.6,12,19820 Grayhawk Way,Bergstrom-Adams,http://dummyimage.com/190x143.png/cc0000/ffffff
lmacgiollapheadair1b,Cocoa Butter,6.21,8,47 Haas Alley,Gusikowski-Bashirian,http://dummyimage.com/218x105.png/ff4444/ffffff
lmacgiollapheadair1b,Oil - Safflower,74.68,10,19821 Tennyson Park,Satterfield  Quigley and Kozey,http://dummyimage.com/221x174.png/ff4444/ffffff
lmacgiollapheadair1b,Soho Lychee Liqueur,78.12,15,98 Jenna Point,Gottlieb Inc,http://dummyimage.com/218x174.png/5fa2dd/ffffff
sdabbs1c,Beef - Tenderlion  Center Cut,30.19,14,76026 Crescent Oaks Drive,Kling and Sons,http://dummyimage.com/202x143.png/dddddd/000000
sdabbs1c,Ice Cream Bar - Rolo Cone,35.54,11,5 Bayside Parkway,White-Hackett,http://dummyimage.com/216x130.png/cc0000/ffffff
sdabbs1c,Soup - Campbells Chili,15.65,3,4 Hauk Alley,Hayes-Zulauf,http://dummyimage.com/152x131.png/ff4444/ffffff
sdabbs1c,Appetizer - Mushroom Tart,80.51,1,10563 Brown Pass,Durgan-Conroy,http://dummyimage.com/204x239.png/5fa2dd/ffffff
sdabbs1c,Pie Filling - Cherry,48.78,10,844 Warrior Park,Bahringer-Christiansen,http://dummyimage.com/158x196.png/ff4444/ffffff
astitle1d,Cattail Hearts,72.07,3,47 Tony Pass,O'Hara  Schamberger and Feest,http://dummyimage.com/107x137.png/ff4444/ffffff
astitle1d,Flour - All Purpose,74.9,13,170 Fuller Terrace,Mante and Sons,http://dummyimage.com/176x214.png/ff4444/ffffff
astitle1d,Cheese Cloth,2.55,9,41 Gateway Circle,Barton-Feil,http://dummyimage.com/201x166.png/cc0000/ffffff
astitle1d,Temperature Recording Station,99.56,3,2430 Summit Alley,Mosciski LLC,http://dummyimage.com/171x119.png/5fa2dd/ffffff
astitle1d,Venison - Denver Leg Boneless,39.83,3,36 Coleman Pass,Olson LLC,http://dummyimage.com/118x203.png/cc0000/ffffff
ishillam1e,Corn Meal,26.8,2,73 Esker Terrace,Schuster  Bayer and Greenfelder,http://dummyimage.com/107x175.png/ff4444/ffffff
ishillam1e,Appetizer - Seafood Assortment,77.68,15,35 Rigney Plaza,Oberbrunner  Bernhard and Murray,http://dummyimage.com/167x194.png/dddddd/000000
ishillam1e,Tea - Herbal Orange Spice,71.63,6,50221 Barby Alley,Lindgren-Harber,http://dummyimage.com/171x130.png/ff4444/ffffff
ishillam1e,Stock - Fish,18.89,6,755 Drewry Way,Johnson  Miller and Little,http://dummyimage.com/128x217.png/ff4444/ffffff
ishillam1e,Wine - White  Riesling  Henry Of,60.31,15,89013 Lakeland Street,Collins  Romaguera and DuBuque,http://dummyimage.com/249x190.png/ff4444/ffffff
ncullnean1f,Soup - Campbells Bean Medley,58.16,13,8 Golf Way,Yost  Tillman and Yundt,http://dummyimage.com/200x230.png/cc0000/ffffff
ncullnean1f,Quail - Eggs  Fresh,63.63,13,33081 Tony Avenue,Barton-Wiegand,http://dummyimage.com/191x138.png/dddddd/000000
ncullnean1f,Pork - Tenderloin  Fresh,51.5,10,8922 Acker Court,Hartmann-Gibson,http://dummyimage.com/137x185.png/cc0000/ffffff
ncullnean1f,Blueberries,38.44,3,31 Barnett Court,Bosco  Shanahan and Koepp,http://dummyimage.com/241x147.png/dddddd/000000
ncullnean1f,Glucose,65.51,5,178 Dwight Road,Stroman-VonRueden,http://dummyimage.com/183x235.png/cc0000/ffffff
fskechley1g,Juice - Lemon,70.63,6,3 Summit Drive,Gislason  Sawayn and Goldner,http://dummyimage.com/108x154.png/ff4444/ffffff
fskechley1g,Beef - Ground  Extra Lean  Fresh,66.8,15,7321 Gulseth Trail,Conroy  Ullrich and McKenzie,http://dummyimage.com/125x147.png/cc0000/ffffff
fskechley1g,Oil - Canola,93.27,11,6 Transport Park,Olson  Tillman and Grant,http://dummyimage.com/223x199.png/dddddd/000000
fskechley1g,Tea - Apple Green Tea,42.8,10,3 Northland Trail,Schumm  Strosin and Lindgren,http://dummyimage.com/123x160.png/dddddd/000000
fskechley1g,Scallops - In Shell,24.71,12,38116 Commercial Road,Goodwin and Sons,http://dummyimage.com/159x227.png/dddddd/000000
sbicksteth1h,Capon - Breast  Wing On,69.01,2,71 Lukken Avenue,Roberts Inc,http://dummyimage.com/249x123.png/5fa2dd/ffffff
sbicksteth1h,Vinegar - White,6.43,2,82 Welch Plaza,Ortiz-Brown,http://dummyimage.com/175x103.png/5fa2dd/ffffff
sbicksteth1h,Wine - Magnotta - Cab Sauv,29,15,8 Grover Alley,Christiansen-Jerde,http://dummyimage.com/146x211.png/dddddd/000000
sbicksteth1h,Lamb - Leg  Diced,79.28,3,65 Mallory Park,Stamm-Becker,http://dummyimage.com/195x208.png/dddddd/000000
sbicksteth1h,Beer - Muskoka Cream Ale,50.28,1,95564 Esker Lane,Leannon  Ritchie and Braun,http://dummyimage.com/211x111.png/ff4444/ffffff
abrumbye1i,Pasta - Fusili Tri - Coloured,92.38,6,4377 Northfield Point,Dickinson  Greenholt and Homenick,http://dummyimage.com/223x161.png/ff4444/ffffff
abrumbye1i,Wiberg Cure,50.85,11,04224 Hoard Plaza,Macejkovic  Reynolds and Franecki,http://dummyimage.com/235x202.png/cc0000/ffffff
abrumbye1i,Banana,11.93,5,6556 American Place,Nienow  Orn and Koch,http://dummyimage.com/121x135.png/5fa2dd/ffffff
abrumbye1i,Squid U5 - Thailand,68.32,11,47 Forest Run Alley,McCullough Inc,http://dummyimage.com/175x178.png/cc0000/ffffff
abrumbye1i,Wine - Acient Coast Caberne,19.99,5,2 Carpenter Pass,Beahan  Nikolaus and Schultz,http://dummyimage.com/220x117.png/dddddd/000000
jlemerchant1j,Tarragon - Primerba  Paste,36.02,9,24046 Northport Road,Carter-Yost,http://dummyimage.com/231x223.png/dddddd/000000
jlemerchant1j,Flower - Daisies,39.55,15,35 Manitowish Plaza,Kutch  Corkery and Cremin,http://dummyimage.com/123x226.png/cc0000/ffffff
jlemerchant1j,Table Cloth 54x54 White,98.53,3,20584 Arkansas Place,Witting LLC,http://dummyimage.com/217x250.png/dddddd/000000
jlemerchant1j,Dill Weed - Dry,34.76,9,30911 Anniversary Way,Monahan-Medhurst,http://dummyimage.com/161x223.png/5fa2dd/ffffff
jlemerchant1j,Apple - Macintosh,29.9,2,783 Coolidge Junction,Nicolas-Orn,http://dummyimage.com/117x204.png/5fa2dd/ffffff
csandeson1k,The Pop Shoppe - Cream Soda,15.87,3,03 Hauk Place,Collier  Raynor and Robel,http://dummyimage.com/237x197.png/dddddd/000000
csandeson1k,Transfer Sheets,83.56,10,8234 Dexter Center,Turcotte  Rice and Sanford,http://dummyimage.com/128x140.png/ff4444/ffffff
csandeson1k,Tea Leaves - Oolong,72.99,7,1353 Hintze Circle,Tremblay  Johnston and Bailey,http://dummyimage.com/173x228.png/dddddd/000000
csandeson1k,Pasta - Linguini  Dry,69.5,3,8 Bartillon Pass,Hermann-Cassin,http://dummyimage.com/102x211.png/cc0000/ffffff
csandeson1k,Miso - Soy Bean Paste,28.99,11,06287 Eggendart Drive,Abshire  Dicki and Ruecker,http://dummyimage.com/222x183.png/5fa2dd/ffffff
cmcwaters1l,Lemon Balm - Fresh,21.72,15,9403 Oak Junction,Conroy  Cronin and Considine,http://dummyimage.com/207x236.png/5fa2dd/ffffff
cmcwaters1l,Wine - Niagara vqa Reisling,95.45,14,6816 Mayfield Pass,Koch  Carroll and Towne,http://dummyimage.com/181x178.png/5fa2dd/ffffff
cmcwaters1l,Clams - Canned,46.63,11,68 Pennsylvania Circle,Bailey-Donnelly,http://dummyimage.com/239x215.png/dddddd/000000
cmcwaters1l,Cream Of Tartar,33.83,14,472 Scott Road,Langosh Group,http://dummyimage.com/119x219.png/ff4444/ffffff
cmcwaters1l,Cheese - Comtomme,8.74,10,72469 Heffernan Trail,Fahey Group,http://dummyimage.com/139x179.png/5fa2dd/ffffff
minseal1m,Lemonade - Kiwi  591 Ml,43.97,7,06 Magdeline Circle,Harris-Witting,http://dummyimage.com/228x174.png/5fa2dd/ffffff
minseal1m,Chocolate - Pistoles  Lactee  Milk,3.13,8,06504 Elmside Terrace,Kutch-Gerlach,http://dummyimage.com/190x128.png/dddddd/000000
minseal1m,Cattail Hearts,41.28,10,73 Loftsgordon Way,Mante LLC,http://dummyimage.com/244x136.png/dddddd/000000
minseal1m,Nori Sea Weed - Gold Label,77.62,8,10813 Truax Avenue,Renner Inc,http://dummyimage.com/118x174.png/dddddd/000000
minseal1m,Wine - Beringer Founders Estate,43.56,14,22806 Bunting Court,Lemke-Stehr,http://dummyimage.com/133x103.png/ff4444/ffffff
dholbie1n,V8 Splash Strawberry Banana,22.19,4,052 Amoth Circle,Orn-Kuhlman,http://dummyimage.com/124x199.png/5fa2dd/ffffff
dholbie1n,Vodka - Hot  Lnferno,51.31,7,05 Butterfield Crossing,Mann  Stehr and Watsica,http://dummyimage.com/219x239.png/cc0000/ffffff
dholbie1n,Pasta - Cheese / Spinach Bauletti,68.55,6,1552 Kedzie Park,Hessel-Little,http://dummyimage.com/185x227.png/cc0000/ffffff
dholbie1n,Pork - Bacon  Sliced,74.91,14,9 Arizona Crossing,Hermiston  Monahan and Kreiger,http://dummyimage.com/179x138.png/dddddd/000000
dholbie1n,Pastry - Cheese Baked Scones,49.39,3,1179 Kings Avenue,Hane  Yundt and Ratke,http://dummyimage.com/192x175.png/cc0000/ffffff
dbetke1o,Truffle Cups - Red,99.74,5,422 Macpherson Plaza,Hauck  Kemmer and Larkin,http://dummyimage.com/122x188.png/cc0000/ffffff
dbetke1o,Lettuce - Radicchio,69.2,2,7 Tennyson Hill,Hodkiewicz and Sons,http://dummyimage.com/125x140.png/dddddd/000000
dbetke1o,Longos - Grilled Salmon With Bbq,27.04,15,682 Maple Trail,Simonis  Littel and Schowalter,http://dummyimage.com/190x240.png/ff4444/ffffff
dbetke1o,Venison - Liver,65.79,6,39 6th Plaza,Parisian-Prosacco,http://dummyimage.com/217x243.png/ff4444/ffffff
dbetke1o,Sauce Bbq Smokey,82.32,13,66 Banding Pass,McCullough Group,http://dummyimage.com/118x115.png/ff4444/ffffff
dworland1p,Bar Nature Valley,10.79,10,7 Manufacturers Hill,Kirlin Inc,http://dummyimage.com/148x142.png/cc0000/ffffff
dworland1p,Puree - Pear,58.47,6,6722 Gulseth Alley,Zboncak Inc,http://dummyimage.com/209x123.png/ff4444/ffffff
dworland1p,Lobak,93.07,6,97728 Gerald Parkway,Moen LLC,http://dummyimage.com/214x122.png/ff4444/ffffff
dworland1p,Nut - Pine Nuts  Whole,2.79,5,798 Bayside Avenue,Kiehn  Parker and Kutch,http://dummyimage.com/229x245.png/5fa2dd/ffffff
dworland1p,Appetiser - Bought,31.14,9,68 Old Shore Way,Ledner  Willms and Schimmel,http://dummyimage.com/109x164.png/ff4444/ffffff
lantcliff1q,Crush - Grape  355 Ml,36.04,2,5 Bay Hill,Labadie-Glover,http://dummyimage.com/196x122.png/cc0000/ffffff
lantcliff1q,Dried Cherries,14.4,12,9898 Monterey Street,Kuphal LLC,http://dummyimage.com/223x100.png/5fa2dd/ffffff
lantcliff1q,Quail - Jumbo Boneless,90.11,8,4 Stuart Parkway,Smitham Group,http://dummyimage.com/137x209.png/dddddd/000000
lantcliff1q,Wine - Placido Pinot Grigo,21.74,8,24370 Novick Way,Koepp  Waelchi and Beer,http://dummyimage.com/146x125.png/5fa2dd/ffffff
lantcliff1q,Soup - Campbells  Creamy,70.15,15,4347 Fieldstone Alley,Boehm-White,http://dummyimage.com/135x206.png/ff4444/ffffff
dveldens1r,Scallops - Live In Shell,27.95,15,64828 American Plaza,Kub Inc,http://dummyimage.com/231x169.png/cc0000/ffffff
dveldens1r,Chilli Paste  Ginger Garlic,93.83,10,892 Quincy Parkway,Howell  Satterfield and Morissette,http://dummyimage.com/246x185.png/cc0000/ffffff
dveldens1r,Wine - Shiraz South Eastern,98.72,5,1 Melvin Court,Ankunding Group,http://dummyimage.com/130x199.png/dddddd/000000
dveldens1r,Garlic - Elephant,34.62,7,5 Buell Circle,Greenfelder Inc,http://dummyimage.com/113x171.png/ff4444/ffffff
dveldens1r,Jello - Assorted,12.4,9,48 Debs Alley,Predovic-Schmidt,http://dummyimage.com/229x186.png/cc0000/ffffff
rpilipets1s,Cheese - Comtomme,61.99,11,8 Katie Crossing,Beer LLC,http://dummyimage.com/170x134.png/ff4444/ffffff
rpilipets1s,Island Oasis - Mango Daiquiri,8.59,13,4418 Dahle Terrace,Kerluke  Bosco and Friesen,http://dummyimage.com/209x204.png/ff4444/ffffff
rpilipets1s,Juice - Pineapple  341 Ml,72.58,7,5736 Helena Point,Kris-Kihn,http://dummyimage.com/174x193.png/dddddd/000000
rpilipets1s,Truffle Shells - White Chocolate,31.62,11,5 Messerschmidt Road,Stamm-Reichert,http://dummyimage.com/249x183.png/cc0000/ffffff
rpilipets1s,Cookie Dough - Peanut Butter,6.38,10,01 Summerview Junction,Kemmer  Feest and Windler,http://dummyimage.com/112x188.png/cc0000/ffffff
nmoakes1t,Lid - 3oz Med Rec,35.43,2,58 5th Parkway,Douglas-Macejkovic,http://dummyimage.com/198x121.png/5fa2dd/ffffff
nmoakes1t,Cheese - Boursin  Garlic / Herbs,83.5,6,779 Dexter Parkway,Corwin-Weimann,http://dummyimage.com/192x173.png/cc0000/ffffff
nmoakes1t,Wine - White  Riesling  Semi - Dry,38.62,5,32 Bashford Way,Murphy-Williamson,http://dummyimage.com/196x199.png/dddddd/000000
nmoakes1t,Cup - Paper 10oz 92959,43.03,5,3808 Dawn Avenue,Daniel-Tremblay,http://dummyimage.com/117x199.png/dddddd/000000
nmoakes1t,Steampan - Foil,40.1,15,39 Express Court,Purdy  Gulgowski and Erdman,http://dummyimage.com/114x132.png/cc0000/ffffff
sbeacock1u,Cheese - Victor Et Berthold,57.47,4,6 Waxwing Pass,Streich-Stanton,http://dummyimage.com/169x248.png/ff4444/ffffff
sbeacock1u,Juice - Apple 284ml,33.2,5,853 Gulseth Court,Gulgowski Inc,http://dummyimage.com/196x221.png/dddddd/000000
sbeacock1u,Lamb - Bones,51.45,5,969 Cody Point,Lockman Group,http://dummyimage.com/101x242.png/ff4444/ffffff
sbeacock1u,Potatoes - Purple  Organic,29.38,13,31 Dawn Place,Luettgen-Parisian,http://dummyimage.com/210x212.png/5fa2dd/ffffff
sbeacock1u,Coffee Beans - Chocolate,2.71,15,935 Laurel Road,Greenholt Group,http://dummyimage.com/198x138.png/ff4444/ffffff
sbreeze1v,Longos - Grilled Veg Sandwiches,61.38,8,167 Hollow Ridge Street,Huel Inc,http://dummyimage.com/190x250.png/5fa2dd/ffffff
sbreeze1v,Bread - English Muffin,95.28,9,9767 Blue Bill Park Court,Conn Inc,http://dummyimage.com/146x229.png/cc0000/ffffff
sbreeze1v,Pesto - Primerba  Paste,72.11,4,232 Sloan Alley,Runolfsdottir Group,http://dummyimage.com/162x151.png/cc0000/ffffff
sbreeze1v,Garlic - Peeled,8.77,11,07088 Loeprich Pass,Thiel-Goyette,http://dummyimage.com/169x235.png/cc0000/ffffff
sbreeze1v,Salt - Rock  Course,74.9,3,5 Raven Crossing,Gibson-Huel,http://dummyimage.com/244x184.png/ff4444/ffffff
wwaistell1w,French Pastry - Mini Chocolate,21.06,4,21 Walton Avenue,Larson  Kirlin and Hilll,http://dummyimage.com/199x171.png/5fa2dd/ffffff
wwaistell1w,Cheese - Marble,2.48,15,81 Carey Terrace,Konopelski  Frami and Bosco,http://dummyimage.com/166x203.png/cc0000/ffffff
wwaistell1w,Cheese - Shred Cheddar / Mozza,96.78,12,38684 Sutherland Drive,Legros Inc,http://dummyimage.com/173x102.png/cc0000/ffffff
wwaistell1w,Toamtoes 6x7 Select,6.79,10,999 Straubel Point,Stehr  Mann and Kozey,http://dummyimage.com/188x185.png/ff4444/ffffff
wwaistell1w,Pea - Snow,8.22,10,52 Westend Lane,Price-Abernathy,http://dummyimage.com/179x140.png/dddddd/000000
beastop1x,Stock - Veal  Brown,89.73,4,7 Nova Street,Ondricka-Lind,http://dummyimage.com/172x231.png/cc0000/ffffff
beastop1x,Garlic - Peeled,51,7,5598 Cascade Hill,Bayer LLC,http://dummyimage.com/222x210.png/cc0000/ffffff
beastop1x,Eel Fresh,46.85,11,3 Bultman Pass,Bahringer-Langworth,http://dummyimage.com/128x150.png/5fa2dd/ffffff
beastop1x,Oil - Food  Lacquer Spray,73.17,11,2250 Monica Trail,Shanahan-McCullough,http://dummyimage.com/195x196.png/dddddd/000000
beastop1x,Wine - Mondavi Coastal Private,37.75,3,724 Anthes Trail,Conn LLC,http://dummyimage.com/133x231.png/cc0000/ffffff
dkaiser1y,Bouillion - Fish,75.12,11,2 Hudson Center,Bergnaum Group,http://dummyimage.com/194x219.png/ff4444/ffffff
dkaiser1y,Pineapple - Golden,91.33,4,375 Sheridan Hill,McGlynn and Sons,http://dummyimage.com/157x108.png/5fa2dd/ffffff
dkaiser1y,Wine - Rioja Campo Viejo,52.87,4,3 Melvin Drive,Effertz Group,http://dummyimage.com/156x246.png/5fa2dd/ffffff
dkaiser1y,Pesto - Primerba  Paste,44.56,11,7 Nobel Road,Kub  Hane and Ankunding,http://dummyimage.com/154x212.png/dddddd/000000
dkaiser1y,Kellogs All Bran Bars,48.24,14,4566 Sachtjen Road,Lindgren  Dach and Kiehn,http://dummyimage.com/155x180.png/cc0000/ffffff
mbowcock1z,Pur Source,29.73,4,996 Eastwood Plaza,Waters Group,http://dummyimage.com/179x228.png/cc0000/ffffff
mbowcock1z,Lettuce - Red Leaf,70.06,15,49671 Esker Point,Williamson-Ondricka,http://dummyimage.com/115x186.png/dddddd/000000
mbowcock1z,Cheese - Fontina,16.33,10,1784 High Crossing Alley,Russel  Gerlach and Hayes,http://dummyimage.com/212x167.png/dddddd/000000
mbowcock1z,Soup - Base Broth Beef,8.41,14,67 High Crossing Point,Schumm Group,http://dummyimage.com/181x165.png/cc0000/ffffff
mbowcock1z,Pepperoni Slices,61.58,7,3029 Brown Pass,Wuckert Group,http://dummyimage.com/197x156.png/5fa2dd/ffffff
sbulley20,Snails - Large Canned,61.01,6,85 Farmco Avenue,Jacobi  Heller and Rempel,http://dummyimage.com/120x157.png/5fa2dd/ffffff
sbulley20,Chick Peas - Dried,80.6,7,1509 Sullivan Drive,Jones and Sons,http://dummyimage.com/147x117.png/ff4444/ffffff
sbulley20,Blackberries,6.07,11,4 Arrowood Terrace,King Inc,http://dummyimage.com/149x165.png/5fa2dd/ffffff
sbulley20,Stainless Steel Cleaner Vision,97.18,9,9759 Butterfield Center,Kuhn-Sauer,http://dummyimage.com/127x237.png/5fa2dd/ffffff
sbulley20,Wine - Manischewitz Concord,47.26,6,309 Anhalt Center,Jerde-McLaughlin,http://dummyimage.com/131x213.png/5fa2dd/ffffff
nphythean21,Bread - Pita,42.33,10,0 Merchant Circle,Abernathy-McKenzie,http://dummyimage.com/215x123.png/cc0000/ffffff
nphythean21,Pepsi - 600ml,99.98,14,53777 Sherman Street,Mueller and Sons,http://dummyimage.com/187x214.png/cc0000/ffffff
nphythean21,Langers - Mango Nectar,24.53,10,9459 Kipling Place,Beatty  Abshire and Terry,http://dummyimage.com/204x109.png/cc0000/ffffff
nphythean21,Pineapple - Canned  Rings,64.86,15,97865 Ronald Regan Junction,Hauck  Kozey and Reichel,http://dummyimage.com/185x213.png/dddddd/000000
nphythean21,Table Cloth 91x91 Colour,62.16,1,5 Schlimgen Drive,Carter-Nikolaus,http://dummyimage.com/189x153.png/ff4444/ffffff
jthickett22,Salt - Sea,71.62,5,43 Morrow Way,Roberts-Jacobson,http://dummyimage.com/154x215.png/5fa2dd/ffffff
jthickett22,Soup - Campbells Broccoli,78.92,12,9174 Algoma Court,Abbott Group,http://dummyimage.com/194x182.png/ff4444/ffffff
jthickett22,Pastry - Baked Cinnamon Stick,75.98,8,81 Hoffman Junction,Haag  Schuppe and Pollich,http://dummyimage.com/194x152.png/ff4444/ffffff
jthickett22,Beef - Rib Roast  Cap On,91.58,3,4419 6th Plaza,Huels  Grant and Walker,http://dummyimage.com/204x243.png/dddddd/000000
jthickett22,Sambuca Cream,22.52,8,6163 Hermina Hill,Kunde and Sons,http://dummyimage.com/175x217.png/ff4444/ffffff
lleonard23,Mushroom - Porcini Frozen,94.62,7,12697 Welch Drive,McGlynn  Weimann and Little,http://dummyimage.com/220x207.png/cc0000/ffffff
lleonard23,Wine - Riesling Dr. Pauly,15.34,7,593 Gale Plaza,White  Ledner and Cartwright,http://dummyimage.com/240x171.png/dddddd/000000
lleonard23,Scallops - 10/20,86.11,12,478 Hanover Center,Koch  Kertzmann and Marvin,http://dummyimage.com/173x186.png/5fa2dd/ffffff
lleonard23,Soup - Verve - Chipotle Chicken,60.52,2,53480 Merry Alley,Muller  Kassulke and Rath,http://dummyimage.com/166x178.png/dddddd/000000
lleonard23,Cookie Dough - Oatmeal Rasin,11.85,15,31 Anthes Hill,Schuppe LLC,http://dummyimage.com/173x174.png/ff4444/ffffff
sshelly24,Cheese - Montery Jack,19.22,7,65137 Farragut Drive,Crooks  Kautzer and Gerhold,http://dummyimage.com/202x203.png/cc0000/ffffff
sshelly24,Sole - Dover  Whole  Fresh,14.03,8,2422 Farragut Park,Von  Kuhlman and McClure,http://dummyimage.com/235x116.png/dddddd/000000
sshelly24,Egg - Salad Premix,26.43,12,15 Red Cloud Lane,Sipes  Koch and Weissnat,http://dummyimage.com/165x108.png/dddddd/000000
sshelly24,Tea - English Breakfast,30.62,5,53903 Northridge Terrace,Bashirian  Schroeder and Prosacco,http://dummyimage.com/185x203.png/5fa2dd/ffffff
sshelly24,Bread Base - Goodhearth,91.74,10,8600 Westerfield Hill,Pfannerstill Group,http://dummyimage.com/100x227.png/5fa2dd/ffffff
sheaton25,Bread - Burger,81.56,3,92 Northland Crossing,Jast Inc,http://dummyimage.com/171x218.png/dddddd/000000
sheaton25,Pork - Caul Fat,41.48,11,367 Dexter Trail,Trantow and Sons,http://dummyimage.com/170x170.png/5fa2dd/ffffff
sheaton25,Catfish - Fillets,20.86,8,06494 Roth Hill,Little-Swaniawski,http://dummyimage.com/129x148.png/ff4444/ffffff
sheaton25,Swiss Chard - Red,47.09,5,1953 Red Cloud Lane,Ledner  Herzog and Mayert,http://dummyimage.com/200x183.png/ff4444/ffffff
sheaton25,Bay Leaf,98.75,6,58918 Springview Pass,Kunde-Hackett,http://dummyimage.com/212x194.png/cc0000/ffffff
dlaverock26,Cheese - Goat With Herbs,20.44,10,41329 Sloan Road,Rempel-Gutkowski,http://dummyimage.com/227x136.png/ff4444/ffffff
dlaverock26,Cheese - Ricotta,51.3,4,53787 High Crossing Court,Reichel Inc,http://dummyimage.com/224x209.png/5fa2dd/ffffff
dlaverock26,Soup - Campbells  Chix Gumbo,19.45,3,7801 Eastlawn Avenue,Muller  Walker and Schuster,http://dummyimage.com/115x135.png/dddddd/000000
dlaverock26,Artichoke - Fresh,71.51,6,4 Karstens Pass,Bayer  Cormier and Shanahan,http://dummyimage.com/129x151.png/ff4444/ffffff
dlaverock26,Shiro Miso,64.38,14,5 Lyons Pass,Shanahan Group,http://dummyimage.com/177x117.png/cc0000/ffffff
bwheldon27,Alize Red Passion,31.62,12,94043 Fair Oaks Parkway,Aufderhar Group,http://dummyimage.com/106x131.png/cc0000/ffffff
bwheldon27,Quail - Eggs  Fresh,87.75,2,4 Muir Street,Maggio  Mosciski and Gislason,http://dummyimage.com/225x180.png/dddddd/000000
bwheldon27,Leeks - Large,37.33,8,37 Upham Park,Wunsch-Bergstrom,http://dummyimage.com/244x136.png/5fa2dd/ffffff
bwheldon27,Wine - Malbec Trapiche Reserve,87.99,14,98 Merry Lane,Nolan  Bernhard and Kautzer,http://dummyimage.com/248x120.png/cc0000/ffffff
bwheldon27,Pasta - Fusili Tri - Coloured,89.25,7,5276 2nd Point,Wintheiser  Treutel and Legros,http://dummyimage.com/177x195.png/ff4444/ffffff
dheatley28,Mix Pina Colada,54.77,12,7308 Ridgeview Drive,Cronin-Bogan,http://dummyimage.com/240x109.png/ff4444/ffffff
dheatley28,Pastry - Key Limepoppy Seed Tea,91.99,3,14977 Hoard Park,Champlin and Sons,http://dummyimage.com/213x222.png/5fa2dd/ffffff
dheatley28,Macaroons - Homestyle Two Bit,67.68,5,109 Main Trail,Collins and Sons,http://dummyimage.com/224x111.png/dddddd/000000
dheatley28,Bacardi Raspberry,15.27,2,746 Lakewood Gardens Street,Haag and Sons,http://dummyimage.com/144x178.png/cc0000/ffffff
dheatley28,Gingerale - Schweppes  355 Ml,91.41,2,82 Caliangt Drive,Christiansen  Ebert and Ullrich,http://dummyimage.com/140x180.png/ff4444/ffffff
rpaddle29,Cookie Dough - Chunky,92.64,15,4 Cascade Crossing,Ruecker  Bartell and Pfeffer,http://dummyimage.com/225x235.png/cc0000/ffffff
rpaddle29,Veal - Kidney,18.89,6,517 Prairie Rose Hill,Kris LLC,http://dummyimage.com/199x191.png/ff4444/ffffff
rpaddle29,Cookies - Amaretto,36.67,8,27 Hermina Avenue,Braun  Schumm and Collins,http://dummyimage.com/119x224.png/ff4444/ffffff
rpaddle29,Lobster - Live,82.87,3,26 Ronald Regan Street,Beier  Goyette and Hyatt,http://dummyimage.com/103x196.png/dddddd/000000
rpaddle29,Cocoa Powder - Dutched,24.55,12,4811 Judy Trail,Nienow  Schaefer and Boyle,http://dummyimage.com/130x127.png/dddddd/000000
fconklin2a,Crab - Meat,65.98,2,00 Independence Hill,MacGyver Group,http://dummyimage.com/130x181.png/dddddd/000000
fconklin2a,Cookie - Dough Variety,70.38,13,0 Maryland Trail,Parker  Turcotte and Hansen,http://dummyimage.com/202x176.png/cc0000/ffffff
fconklin2a,Momiji Oroshi Chili Sauce,38.9,5,637 Village Circle,Medhurst Inc,http://dummyimage.com/132x194.png/ff4444/ffffff
fconklin2a,Pepper - Green  Chili,90.16,12,0912 Myrtle Lane,Carroll LLC,http://dummyimage.com/107x149.png/ff4444/ffffff
fconklin2a,Squid U5 - Thailand,73.24,10,2 Emmet Circle,Kertzmann  Kuhic and Okuneva,http://dummyimage.com/152x199.png/cc0000/ffffff
wchrestien2b,Coffee Beans - Chocolate,98.72,4,9169 Elmside Trail,Conroy  Sporer and Hagenes,http://dummyimage.com/216x172.png/ff4444/ffffff
wchrestien2b,Beef - Eye Of Round,18.3,10,609 Judy Crossing,Windler LLC,http://dummyimage.com/209x229.png/dddddd/000000
wchrestien2b,Laundry - Bag Cloth,53.41,12,31 Norway Maple Trail,Schinner  Strosin and Heller,http://dummyimage.com/206x101.png/5fa2dd/ffffff
wchrestien2b,Truffle Shells - White Chocolate,94.83,7,126 Melrose Parkway,Williamson-Hansen,http://dummyimage.com/214x180.png/5fa2dd/ffffff
wchrestien2b,Wine - Riesling Alsace Ac 2001,44.76,2,51 Myrtle Drive,Bradtke-Stanton,http://dummyimage.com/216x248.png/dddddd/000000
zrenbold2c,Wood Chips - Regular,85.68,14,1 Paget Center,Bechtelar Group,http://dummyimage.com/124x134.png/dddddd/000000
zrenbold2c,Pepper - Roasted Red,91.87,9,366 Kinsman Drive,Collins-Dicki,http://dummyimage.com/178x177.png/ff4444/ffffff
zrenbold2c,Cheese - Fontina,31.12,7,70741 Briar Crest Way,Wisoky and Sons,http://dummyimage.com/221x177.png/cc0000/ffffff
zrenbold2c,Bread - Rye,22.03,15,730 Montana Alley,Mosciski  D'Amore and Hackett,http://dummyimage.com/153x164.png/dddddd/000000
zrenbold2c,Pepper - Roasted Red,86.69,7,07 Lakeland Crossing,Conn  Keebler and Lindgren,http://dummyimage.com/157x117.png/5fa2dd/ffffff
rmaulkin2d,Soup Campbells Mexicali Tortilla,97.96,15,29 Vernon Terrace,Kutch and Sons,http://dummyimage.com/171x143.png/cc0000/ffffff
rmaulkin2d,Snapple - Mango Maddness,5.96,12,0 Maywood Road,Reilly-Rice,http://dummyimage.com/199x238.png/cc0000/ffffff
rmaulkin2d,Bread - White  Sliced,31.53,8,1 Dovetail Lane,Durgan and Sons,http://dummyimage.com/122x171.png/cc0000/ffffff
rmaulkin2d,Ecolab - Hobart Upr Prewash Arm,10.89,3,4518 Novick Place,Marks LLC,http://dummyimage.com/169x130.png/ff4444/ffffff
rmaulkin2d,Fireball Whisky,36.7,15,2613 Declaration Way,McLaughlin-Wolf,http://dummyimage.com/244x244.png/5fa2dd/ffffff
ctrelease2e,Jam - Raspberry,31.27,7,838 Jana Hill,Jones-Rutherford,http://dummyimage.com/243x234.png/dddddd/000000
ctrelease2e,Gingerale - Schweppes  355 Ml,7,1,518 Maple Avenue,Herman and Sons,http://dummyimage.com/188x218.png/5fa2dd/ffffff
ctrelease2e,Saskatoon Berries - Frozen,83.8,10,19894 Helena Junction,Gottlieb-Pfannerstill,http://dummyimage.com/175x123.png/ff4444/ffffff
ctrelease2e,Beans - French,28.39,2,37670 Fair Oaks Parkway,Nicolas Inc,http://dummyimage.com/149x247.png/5fa2dd/ffffff
ctrelease2e,Veal - Osso Bucco,24.86,14,84833 Sunnyside Terrace,Rempel  Kub and Dickinson,http://dummyimage.com/160x159.png/cc0000/ffffff
lmowatt2f,Puree - Strawberry,11.34,14,7639 Mccormick Crossing,Zieme LLC,http://dummyimage.com/136x156.png/dddddd/000000
lmowatt2f,Mix - Cocktail Strawberry Daiquiri,95.17,6,27701 Rowland Road,Price Group,http://dummyimage.com/210x179.png/cc0000/ffffff
lmowatt2f,Beef - Prime Rib Aaa,75.52,5,1 Atwood Center,Bernier  Schinner and Stoltenberg,http://dummyimage.com/123x225.png/cc0000/ffffff
lmowatt2f,Bagels Poppyseed,26.34,7,40 Tony Hill,Moore  Davis and Kertzmann,http://dummyimage.com/206x184.png/5fa2dd/ffffff
lmowatt2f,Beef - Tongue  Cooked,47.68,6,61 Novick Way,Bogan  Sawayn and Feil,http://dummyimage.com/213x204.png/cc0000/ffffff
mfranciskiewicz2g,Pepper - Paprika  Spanish,30.61,10,7161 Pawling Terrace,Kling Group,http://dummyimage.com/138x226.png/5fa2dd/ffffff
mfranciskiewicz2g,Chicken - Thigh  Bone In,9.38,9,8726 Walton Road,Bosco  Boyle and Green,http://dummyimage.com/232x158.png/ff4444/ffffff
mfranciskiewicz2g,Turkey - Breast  Double,13.85,10,23905 Sherman Avenue,Schamberger Group,http://dummyimage.com/165x250.png/5fa2dd/ffffff
mfranciskiewicz2g,Noodles - Cellophane  Thin,12.91,9,7 Trailsway Plaza,Klocko  Grady and Littel,http://dummyimage.com/240x171.png/dddddd/000000
mfranciskiewicz2g,Pastry - Cheese Baked Scones,43.25,14,7191 Schlimgen Junction,Heidenreich and Sons,http://dummyimage.com/238x147.png/5fa2dd/ffffff
kpackham2h,Cheese - Boursin  Garlic / Herbs,8.55,15,9 Caliangt Pass,Christiansen Group,http://dummyimage.com/213x200.png/dddddd/000000
kpackham2h,Cheese - Brie Roitelet,82.73,5,9 Dorton Point,Mayert Inc,http://dummyimage.com/130x220.png/dddddd/000000
kpackham2h,Pork Loin Cutlets,50.03,5,093 Westport Trail,Weissnat  Predovic and Toy,http://dummyimage.com/157x128.png/ff4444/ffffff
kpackham2h,Ice Cream - Super Sandwich,42.66,4,330 Rowland Court,Little-Lueilwitz,http://dummyimage.com/132x122.png/dddddd/000000
kpackham2h,Sugar - Palm,97.88,1,33999 Michigan Crossing,Zieme Inc,http://dummyimage.com/188x131.png/5fa2dd/ffffff
lelderton2i,Wine - White  French Cross,42.53,3,7448 Leroy Crossing,Lowe LLC,http://dummyimage.com/199x210.png/ff4444/ffffff
lelderton2i,Flavouring - Rum,70.03,1,1585 Pleasure Park,Mante-Huel,http://dummyimage.com/235x200.png/cc0000/ffffff
lelderton2i,Nantucket - Kiwi Berry Cktl.,43.24,11,2 Nobel Pass,Emmerich and Sons,http://dummyimage.com/112x104.png/ff4444/ffffff
lelderton2i,Cheese - Ermite Bleu,21.66,2,485 Caliangt Place,Kessler-Corwin,http://dummyimage.com/191x119.png/dddddd/000000
lelderton2i,Bread Ww Cluster,10.38,2,39 Jana Alley,Mitchell-Schroeder,http://dummyimage.com/120x220.png/cc0000/ffffff
agarbert2j,Fish - Halibut  Cold Smoked,36.15,6,72444 Thierer Road,Green-Kutch,http://dummyimage.com/160x221.png/dddddd/000000
agarbert2j,Turkey - Breast  Bone - In,7.94,7,44 Dixon Plaza,Jacobson LLC,http://dummyimage.com/128x119.png/ff4444/ffffff
agarbert2j,Muffin - Carrot Individual Wrap,55.35,9,0979 Mesta Circle,Swift LLC,http://dummyimage.com/144x242.png/ff4444/ffffff
agarbert2j,Long Island Ice Tea,40.83,4,4 Superior Crossing,Wyman-Nienow,http://dummyimage.com/181x198.png/ff4444/ffffff
agarbert2j,Onion Powder,60.24,4,135 Orin Park,Borer  Wehner and Toy,http://dummyimage.com/109x131.png/cc0000/ffffff
msyphas2k,Vaccum Bag 10x13,3.53,13,0776 Spaight Terrace,Gleichner  Spinka and Flatley,http://dummyimage.com/177x165.png/cc0000/ffffff
msyphas2k,Veal - Insides Provini,8.22,3,69533 Mesta Center,Schaefer  Brekke and Maggio,http://dummyimage.com/180x246.png/5fa2dd/ffffff
msyphas2k,Wine - Red  Cabernet Sauvignon,84.09,4,2832 Oneill Pass,Marvin-Koch,http://dummyimage.com/175x240.png/5fa2dd/ffffff
msyphas2k,Wine - Red  Black Opal Shiraz,24.96,3,721 Goodland Avenue,Stamm-Schulist,http://dummyimage.com/166x180.png/ff4444/ffffff
msyphas2k,Beef Wellington,12.84,6,59 Sloan Point,Frami and Sons,http://dummyimage.com/128x217.png/cc0000/ffffff
gklimp2l,Cookie - Dough Variety,35.53,4,3509 Mayer Junction,Halvorson  Homenick and Bergstrom,http://dummyimage.com/115x170.png/5fa2dd/ffffff
gklimp2l,Pasta - Bauletti  Chicken White,56.44,8,16185 Green Alley,Skiles  Carroll and McClure,http://dummyimage.com/123x225.png/cc0000/ffffff
gklimp2l,Tuna - Loin,55.05,4,72 Riverside Plaza,Gorczany-White,http://dummyimage.com/111x213.png/dddddd/000000
gklimp2l,Wine - Red  Metus Rose,91.67,9,88 Dryden Alley,Heaney-Glover,http://dummyimage.com/111x232.png/dddddd/000000
gklimp2l,Roe - Flying Fish,49.09,12,21160 Haas Plaza,Stroman and Sons,http://dummyimage.com/122x216.png/dddddd/000000
mpinchen2m,Orange Roughy 4/6 Oz,71.6,4,0 Melvin Hill,Bartoletti LLC,http://dummyimage.com/224x162.png/dddddd/000000
mpinchen2m,Quail - Jumbo Boneless,12.76,1,1 Dakota Drive,Quitzon  Smitham and Rath,http://dummyimage.com/202x183.png/5fa2dd/ffffff
mpinchen2m,Sauce - Chili,41.16,7,8 Hallows Drive,Wiegand-Hilll,http://dummyimage.com/141x218.png/ff4444/ffffff
mpinchen2m,Cucumber - English,24.44,1,706 Delladonna Center,Swaniawski Inc,http://dummyimage.com/120x214.png/ff4444/ffffff
mpinchen2m,Bread - Kimel Stick Poly,88.53,2,5638 Mayer Pass,Klein-Quigley,http://dummyimage.com/143x120.png/ff4444/ffffff
stomasi2o,Muskox - French Rack,29.52,12,869 Del Mar Terrace,Hills-Simonis,http://dummyimage.com/115x130.png/dddddd/000000
stomasi2o,Nut - Pumpkin Seeds,42.17,9,3617 Express Crossing,Huels-Dickinson,http://dummyimage.com/160x149.png/cc0000/ffffff
stomasi2o,Pastry - Raisin Muffin - Mini,67.77,7,813 Jana Way,Feil-McClure,http://dummyimage.com/211x232.png/5fa2dd/ffffff
stomasi2o,Raspberries - Fresh,52.63,14,68435 Del Mar Place,Kemmer-Yundt,http://dummyimage.com/175x108.png/ff4444/ffffff
stomasi2o,Shortbread - Cookie Crumbs,50.27,2,96 Hooker Avenue,Johns  Zulauf and Roob,http://dummyimage.com/232x225.png/dddddd/000000
sgellan2p,Foil Wrap,49.43,4,7536 Logan Junction,Cummerata  Stiedemann and Collins,http://dummyimage.com/169x134.png/dddddd/000000
sgellan2p,Trueblue - Blueberry 12x473ml,83.21,7,6 6th Parkway,Shields-Fahey,http://dummyimage.com/109x192.png/dddddd/000000
sgellan2p,Foil - Round Foil,79.71,4,2602 Haas Park,Wisozk  Tillman and Zemlak,http://dummyimage.com/219x175.png/ff4444/ffffff
sgellan2p,Cotton Wet Mop 16 Oz,71.64,12,2611 Cascade Alley,Wyman Group,http://dummyimage.com/100x171.png/dddddd/000000
sgellan2p,Muffin - Blueberry Individual,92.16,12,06 Waywood Circle,Collins  Hilll and Beer,http://dummyimage.com/164x194.png/ff4444/ffffff
mtrood2q,Tuna - Bluefin,64.63,15,7261 2nd Terrace,Cronin-Hoeger,http://dummyimage.com/243x173.png/5fa2dd/ffffff
mtrood2q,Cucumber - English,27.05,1,6 Riverside Alley,Yost  Nolan and O'Reilly,http://dummyimage.com/142x218.png/cc0000/ffffff
mtrood2q,Tarragon - Fresh,34.87,11,51 Kings Way,Bauch  Padberg and Torphy,http://dummyimage.com/198x100.png/ff4444/ffffff
mtrood2q,Doilies - 12  Paper,17.21,9,05 Hanover Hill,Glover Group,http://dummyimage.com/203x130.png/ff4444/ffffff
mtrood2q,Sugar - Crumb,15.34,1,73 Killdeer Center,Smitham-Gislason,http://dummyimage.com/199x121.png/cc0000/ffffff
twarstall2r,Tarragon - Primerba  Paste,70.86,15,67071 Lillian Road,Roberts-Hermiston,http://dummyimage.com/108x197.png/5fa2dd/ffffff
twarstall2r,Horseradish Root,13.26,13,49 Sloan Way,Nikolaus-Wunsch,http://dummyimage.com/155x220.png/dddddd/000000
twarstall2r,Cheese - Taleggio D.o.p.,89.51,13,274 American Way,Armstrong-Lang,http://dummyimage.com/232x192.png/ff4444/ffffff
twarstall2r,Beef - Diced,3.26,11,7571 Bashford Terrace,Ullrich  Williamson and Howe,http://dummyimage.com/134x146.png/dddddd/000000
twarstall2r,Juice - Ocean Spray Kiwi,1.82,7,81690 Victoria Circle,Hand  Wilderman and Wilderman,http://dummyimage.com/163x246.png/5fa2dd/ffffff
